scen_number;sensitivity;n_iter;walltime;PrimalResidual_ETS;PrimalResidual_MSR;PrimalResidual_EOM;PrimalResidual_REC;PrimalResidual_H2;PrimalResidual_H2CN_prod;PrimalResidual_H2CN_cap;DualResidual_ETS;DualResidual_EOM;DualResidual_REC;DualResidual_H2;DualResidual_H2CN_prod;DualResidual_H2CN_cap;Beta;Alpha;EUA_2022;CumulativeEmissions;TotalCost;PolicyCost
1;ref;2854;4.934365228;0.038148991;0;0.01770957;0.262853567;0;0;0;0.04842128;0.016081311;0.511335274;0;0;0;0.909639421;576.27949;79.92417147;19265.87732;2056541.8;0
2;ref;500;0.2115858433333335;18.337032997531654;0.0;0.4143336516313055;8.947760559544347;0.5089660421533114;0.0;0.0;14.46047325368128;0.4637914463453071;7.090955401057168;0.2602261348950555;0.0;0.0;0.909639421;576.27949;37.07675643211498;19241.601462261056;4.553022073773394e6;0.0
1;ref;3583;0.9981571333333342;0.030925259652633503;0.0;0.01769815721307078;0.069358535372905;0.00797362242406288;0.0;0.0;0.02154846362219774;0.017645275234911436;0.10394845697685648;0.008011452305685203;0.0;0.0;1.6558291203563567;736.7001810328923;56.136157836104104;19265.90196214202;5.318984161516372e6;0.0
